[{"model": "todo.category", "pk": 2, "fields": {"name": "Cheese - Valancey"}}, {"model": "todo.category", "pk": 4, "fields": {"name": "Calypso - Strawberry Lemonade"}}, {"model": "todo.category", "pk": 5, "fields": {"name": "Ostrich - Fan Fillet"}}, {"model": "todo.category", "pk": 6, "fields": {"name": "Chambord Royal"}}, {"model": "todo.category", "pk": 7, "fields": {"name": "Yeast - Fresh, Fleischman"}}, {"model": "todo.category", "pk": 8, "fields": {"name": "Squash - Sunburst"}}, {"model": "todo.category", "pk": 9, "fields": {"name": "Coffee - Decafenated"}}, {"model": "todo.category", "pk": 10, "fields": {"name": "Chicken"}}, {"model": "todo.category", "pk": 11, "fields": {"name": "Chicken"}}, {"model": "todo.category", "pk": 12, "fields": {"name": "suyesh"}}, {"model": "todo.category", "pk": 13, "fields": {"name": "heroooooo"}}, {"model": "todo.category", "pk": 14, "fields": {"name": "heroooooo456"}}, {"model": "todo.category", "pk": 15, "fields": {"name": "heroooooo4568"}}, {"model": "todo.product", "pk": 7, "fields": {"name": "dasdsadasd", "quantity": 123, "price": 5000.0, "discounted_price": 500.0, "category": 7}}, {"model": "todo.product", "pk": 8, "fields": {"name": "adfdf", "quantity": 435, "price": 2000.0, "discounted_price": 200.0, "category": 10}}, {"model": "todo.product", "pk": 9, "fields": {"name": "Suyesh RImal", "quantity": 2, "price": 705.0, "discounted_price": 5.0, "category": 2}}, {"model": "todo.product", "pk": 10, "fields": {"name": "Suyesh RImal", "quantity": 2, "price": 705.0, "discounted_price": 5.0, "category": 2}}, {"model": "todo.product", "pk": 11, "fields": {"name": "Suyesh RImal", "quantity": 2, "price": 705.0, "discounted_price": 5.0, "category": 2}}, {"model": "todo.product", "pk": 12, "fields": {"name": "Sauce - White, Mix", "quantity": 0, "price": 8.0, "discounted_price": 21.0, "category": 10}}, {"model": "todo.product", "pk": 13, "fields": {"name": "Jam - Blackberry, 20 Ml Jar", "quantity": 0, "price": 97.0, "discounted_price": 67.0, "category": 15}}, {"model": "todo.product", "pk": 14, "fields": {"name": "Cake - Box Window 10x10x2.5", "quantity": 0, "price": 14.0, "discounted_price": 52.0, "category": 8}}, {"model": "todo.product", "pk": 16, "fields": {"name": "Tea - Lemon Scented", "quantity": 0, "price": 10.0, "discounted_price": 4.0, "category": 15}}, {"model": "todo.product", "pk": 18, "fields": {"name": "Apple - Royal Gala", "quantity": 0, "price": 64.0, "discounted_price": 5.0, "category": 15}}, {"model": "todo.product", "pk": 19, "fields": {"name": "Lemon Grass", "quantity": 0, "price": 17.0, "discounted_price": 20.0, "category": 5}}, {"model": "todo.product", "pk": 20, "fields": {"name": "Oranges", "quantity": 0, "price": 14.0, "discounted_price": 29.0, "category": 12}}, {"model": "todo.product", "pk": 22, "fields": {"name": "Wine - Niagara Peninsula Vqa", "quantity": 0, "price": 41.0, "discounted_price": 51.0, "category": 9}}, {"model": "todo.product", "pk": 23, "fields": {"name": "Water - Spring Water, 355 Ml", "quantity": 0, "price": 64.0, "discounted_price": 18.0, "category": 10}}, {"model": "todo.product", "pk": 24, "fields": {"name": "Extract - Almond", "quantity": 0, "price": 16.0, "discounted_price": 36.0, "category": 13}}, {"model": "todo.product", "pk": 26, "fields": {"name": "Spice - Onion Powder Granulated", "quantity": 0, "price": 25.0, "discounted_price": 15.0, "category": 7}}, {"model": "todo.product", "pk": 27, "fields": {"name": "Salt - Sea", "quantity": 0, "price": 97.0, "discounted_price": 88.0, "category": 14}}, {"model": "todo.product", "pk": 28, "fields": {"name": "Onions - Cippolini", "quantity": 0, "price": 66.0, "discounted_price": 65.0, "category": 11}}, {"model": "todo.product", "pk": 29, "fields": {"name": "Wheat - Soft Kernal Of Wheat", "quantity": 0, "price": 51.0, "discounted_price": 22.0, "category": 4}}, {"model": "todo.product", "pk": 31, "fields": {"name": "Red Pepper Paste", "quantity": 0, "price": 71.0, "discounted_price": 99.0, "category": 8}}, {"model": "todo.product", "pk": 32, "fields": {"name": "Fudge - Chocolate Fudge", "quantity": 0, "price": 56.0, "discounted_price": 39.0, "category": 10}}, {"model": "todo.product", "pk": 33, "fields": {"name": "Soup - Knorr, Veg / Beef", "quantity": 0, "price": 3.0, "discounted_price": 22.0, "category": 8}}, {"model": "todo.product", "pk": 34, "fields": {"name": "Bagelers - Cinn / Brown", "quantity": 0, "price": 24.0, "discounted_price": 81.0, "category": 11}}, {"model": "todo.product", "pk": 36, "fields": {"name": "Ham - Black Forest", "quantity": 0, "price": 58.0, "discounted_price": 43.0, "category": 10}}, {"model": "todo.product", "pk": 37, "fields": {"name": "Rambutan", "quantity": 0, "price": 80.0, "discounted_price": 91.0, "category": 14}}, {"model": "todo.product", "pk": 38, "fields": {"name": "Soup - Campbells, Minestrone", "quantity": 0, "price": 17.0, "discounted_price": 61.0, "category": 9}}, {"model": "todo.product", "pk": 39, "fields": {"name": "Water - Perrier", "quantity": 0, "price": 85.0, "discounted_price": 85.0, "category": 9}}, {"model": "todo.product", "pk": 41, "fields": {"name": "Sea Bass - Fillets", "quantity": 0, "price": 8.0, "discounted_price": 79.0, "category": 10}}, {"model": "todo.product", "pk": 42, "fields": {"name": "Creme De Menth - White", "quantity": 0, "price": 23.0, "discounted_price": 30.0, "category": 7}}, {"model": "todo.product", "pk": 43, "fields": {"name": "Beef - Rouladin, Sliced", "quantity": 0, "price": 16.0, "discounted_price": 11.0, "category": 10}}, {"model": "todo.product", "pk": 44, "fields": {"name": "Milk - Skim", "quantity": 0, "price": 9.0, "discounted_price": 45.0, "category": 14}}, {"model": "todo.product", "pk": 45, "fields": {"name": "Bread Sour Rolls", "quantity": 0, "price": 40.0, "discounted_price": 53.0, "category": 5}}, {"model": "todo.product", "pk": 46, "fields": {"name": "Beans - Wax", "quantity": 0, "price": 59.0, "discounted_price": 16.0, "category": 14}}, {"model": "todo.product", "pk": 48, "fields": {"name": "Parasol Pick Stir Stick", "quantity": 0, "price": 64.0, "discounted_price": 45.0, "category": 5}}, {"model": "todo.product", "pk": 49, "fields": {"name": "Cheese - Mozzarella, Buffalo", "quantity": 0, "price": 68.0, "discounted_price": 71.0, "category": 13}}, {"model": "todo.product", "pk": 50, "fields": {"name": "Sachet", "quantity": 0, "price": 75.0, "discounted_price": 69.0, "category": 13}}, {"model": "todo.product", "pk": 51, "fields": {"name": "Appetizer - Lobster Phyllo Roll", "quantity": 0, "price": 46.0, "discounted_price": 99.0, "category": 4}}, {"model": "todo.product", "pk": 52, "fields": {"name": "Wine - Gewurztraminer Pierre", "quantity": 0, "price": 38.0, "discounted_price": 25.0, "category": 15}}, {"model": "todo.product", "pk": 53, "fields": {"name": "Wine - Riesling Alsace Ac 2001", "quantity": 0, "price": 99.0, "discounted_price": 47.0, "category": 10}}, {"model": "todo.product", "pk": 54, "fields": {"name": "Flower - Carnations", "quantity": 0, "price": 2.0, "discounted_price": 74.0, "category": 11}}, {"model": "todo.product", "pk": 55, "fields": {"name": "Pepsi - 600ml", "quantity": 0, "price": 86.0, "discounted_price": 82.0, "category": 4}}, {"model": "todo.product", "pk": 57, "fields": {"name": "Pork - Hock And Feet Attached", "quantity": 0, "price": 28.0, "discounted_price": 3.0, "category": 8}}, {"model": "todo.product", "pk": 58, "fields": {"name": "Chips Potato Swt Chilli Sour", "quantity": 0, "price": 21.0, "discounted_price": 19.0, "category": 13}}, {"model": "todo.product", "pk": 59, "fields": {"name": "Oil - Food, Lacquer Spray", "quantity": 0, "price": 16.0, "discounted_price": 77.0, "category": 10}}, {"model": "todo.product", "pk": 60, "fields": {"name": "Salmon Atl.whole 8 - 10 Lb", "quantity": 0, "price": 45.0, "discounted_price": 38.0, "category": 7}}, {"model": "todo.product", "pk": 61, "fields": {"name": "Pasta - Agnolotti - Butternut", "quantity": 0, "price": 93.0, "discounted_price": 98.0, "category": 13}}, {"model": "todo.product", "pk": 62, "fields": {"name": "Dehydrated Kelp Kombo", "quantity": 0, "price": 92.0, "discounted_price": 6.0, "category": 4}}, {"model": "todo.product", "pk": 63, "fields": {"name": "Sauce - White, Mix", "quantity": 0, "price": 8.0, "discounted_price": 21.0, "category": 10}}, {"model": "todo.product", "pk": 64, "fields": {"name": "Jam - Blackberry, 20 Ml Jar", "quantity": 0, "price": 97.0, "discounted_price": 67.0, "category": 15}}, {"model": "todo.product", "pk": 65, "fields": {"name": "Cake - Box Window 10x10x2.5", "quantity": 0, "price": 14.0, "discounted_price": 52.0, "category": 8}}, {"model": "todo.product", "pk": 67, "fields": {"name": "Sauce - White, Mix", "quantity": 0, "price": 8.0, "discounted_price": 21.0, "category": 10}}, {"model": "todo.product", "pk": 68, "fields": {"name": "Sauce - White, Mix", "quantity": 0, "price": 8.0, "discounted_price": 21.0, "category": 10}}, {"model": "todo.product", "pk": 69, "fields": {"name": "Sauce - White, Mix", "quantity": 0, "price": 8.0, "discounted_price": 21.0, "category": 10}}, {"model": "todo.product", "pk": 70, "fields": {"name": "Sauce - White, Mix", "quantity": 0, "price": 8.0, "discounted_price": 21.0, "category": 10}}, {"model": "todo.product", "pk": 71, "fields": {"name": "Sauce - White, Mix", "quantity": 0, "price": 8.0, "discounted_price": 21.0, "category": 10}}, {"model": "todo.product", "pk": 72, "fields": {"name": "Sauce - White, Mix", "quantity": 0, "price": 8.0, "discounted_price": 21.0, "category": 10}}, {"model": "todo.product", "pk": 73, "fields": {"name": "Sauce - White, Mix", "quantity": 0, "price": 8.0, "discounted_price": 21.0, "category": 10}}, {"model": "todo.product", "pk": 74, "fields": {"name": "Sauce - White, Mix", "quantity": 0, "price": 8.0, "discounted_price": 21.0, "category": 10}}, {"model": "todo.product", "pk": 75, "fields": {"name": "Sauce - White, Mix", "quantity": 0, "price": 8.0, "discounted_price": 21.0, "category": 10}}, {"model": "todo.product", "pk": 76, "fields": {"name": "Sauce - White, Mix", "quantity": 0, "price": 8.0, "discounted_price": 21.0, "category": 10}}, {"model": "todo.product", "pk": 77, "fields": {"name": "Sauce - White, Mix", "quantity": 0, "price": 8.0, "discounted_price": 21.0, "category": 10}}, {"model": "todo.product", "pk": 78, "fields": {"name": "Sauce - White, Mix", "quantity": 0, "price": 8.0, "discounted_price": 21.0, "category": 10}}, {"model": "todo.product", "pk": 79, "fields": {"name": "Sauce - White, Mix", "quantity": 0, "price": 8.0, "discounted_price": 21.0, "category": 10}}, {"model": "todo.product", "pk": 80, "fields": {"name": "Sauce - White, Mix", "quantity": 0, "price": 8.0, "discounted_price": 21.0, "category": 10}}, {"model": "todo.product", "pk": 81, "fields": {"name": "Sauce - White, Mix", "quantity": 0, "price": 8.0, "discounted_price": 21.0, "category": 10}}, {"model": "todo.product", "pk": 82, "fields": {"name": "Sauce - White, Mix", "quantity": 0, "price": 8.0, "discounted_price": 21.0, "category": 10}}, {"model": "todo.product", "pk": 83, "fields": {"name": "Sauce - White, Mix", "quantity": 0, "price": 8.0, "discounted_price": 21.0, "category": 10}}, {"model": "todo.product", "pk": 84, "fields": {"name": "Sauce - White, Mix", "quantity": 0, "price": 8.0, "discounted_price": 21.0, "category": 10}}, {"model": "todo.product", "pk": 85, "fields": {"name": "Sauce - White, Mix", "quantity": 0, "price": 8.0, "discounted_price": 21.0, "category": 10}}, {"model": "todo.product", "pk": 86, "fields": {"name": "Sauce - White, Mix", "quantity": 0, "price": 8.0, "discounted_price": 21.0, "category": 10}}, {"model": "todo.product", "pk": 87, "fields": {"name": "Sauce - White, Mix", "quantity": 0, "price": 8.0, "discounted_price": 21.0, "category": 10}}, {"model": "todo.product", "pk": 88, "fields": {"name": "Sauce - White, Mix", "quantity": 0, "price": 8.0, "discounted_price": 21.0, "category": 10}}, {"model": "todo.product", "pk": 89, "fields": {"name": "Sauce - White, Mix", "quantity": 0, "price": 8.0, "discounted_price": 21.0, "category": 10}}, {"model": "todo.product", "pk": 90, "fields": {"name": "Sauce - White, Mix", "quantity": 0, "price": 8.0, "discounted_price": 21.0, "category": 10}}, {"model": "todo.product", "pk": 91, "fields": {"name": "Sauce - White, Mix", "quantity": 0, "price": 8.0, "discounted_price": 21.0, "category": 10}}, {"model": "todo.product", "pk": 92, "fields": {"name": "Sauce - White, Mix", "quantity": 0, "price": 8.0, "discounted_price": 21.0, "category": 10}}, {"model": "todo.product", "pk": 93, "fields": {"name": "Sauce - White, Mix", "quantity": 0, "price": 8.0, "discounted_price": 21.0, "category": 10}}, {"model": "todo.product", "pk": 94, "fields": {"name": "Sauce - White, Mix", "quantity": 0, "price": 8.0, "discounted_price": 21.0, "category": 10}}, {"model": "todo.product", "pk": 95, "fields": {"name": "Sauce - White, Mix", "quantity": 0, "price": 8.0, "discounted_price": 21.0, "category": 10}}, {"model": "todo.product", "pk": 96, "fields": {"name": "Sauce - White, Mix", "quantity": 0, "price": 8.0, "discounted_price": 21.0, "category": 10}}, {"model": "todo.product", "pk": 97, "fields": {"name": "Sauce - White, Mix", "quantity": 0, "price": 8.0, "discounted_price": 21.0, "category": 10}}, {"model": "todo.product", "pk": 98, "fields": {"name": "Sauce - White, Mix", "quantity": 0, "price": 8.0, "discounted_price": 21.0, "category": 10}}, {"model": "todo.product", "pk": 99, "fields": {"name": "Sauce - White, Mix", "quantity": 0, "price": 8.0, "discounted_price": 21.0, "category": 10}}, {"model": "todo.product", "pk": 100, "fields": {"name": "Sauce - White, Mix", "quantity": 0, "price": 8.0, "discounted_price": 21.0, "category": 10}}, {"model": "todo.product", "pk": 101, "fields": {"name": "Sauce - White, Mix", "quantity": 0, "price": 8.0, "discounted_price": 21.0, "category": 10}}, {"model": "todo.product", "pk": 102, "fields": {"name": "Sauce - White, Mix", "quantity": 0, "price": 8.0, "discounted_price": 21.0, "category": 10}}, {"model": "todo.product", "pk": 103, "fields": {"name": "Sauce - White, Mix", "quantity": 0, "price": 8.0, "discounted_price": 21.0, "category": 10}}, {"model": "todo.product", "pk": 104, "fields": {"name": "Sauce - White, Mix", "quantity": 0, "price": 8.0, "discounted_price": 21.0, "category": 10}}, {"model": "todo.product", "pk": 105, "fields": {"name": "Sauce - White, Mix", "quantity": 0, "price": 8.0, "discounted_price": 21.0, "category": 10}}, {"model": "todo.product", "pk": 106, "fields": {"name": "Sauce - White, Mix", "quantity": 0, "price": 8.0, "discounted_price": 21.0, "category": 10}}, {"model": "todo.product", "pk": 107, "fields": {"name": "Sauce - White, Mix", "quantity": 0, "price": 8.0, "discounted_price": 21.0, "category": 10}}, {"model": "todo.product", "pk": 108, "fields": {"name": "Sauce - White, Mix", "quantity": 0, "price": 8.0, "discounted_price": 21.0, "category": 10}}, {"model": "todo.product", "pk": 109, "fields": {"name": "Sauce - White, Mix", "quantity": 0, "price": 8.0, "discounted_price": 21.0, "category": 10}}, {"model": "todo.product", "pk": 110, "fields": {"name": "Sauce - White, Mix", "quantity": 0, "price": 8.0, "discounted_price": 21.0, "category": 10}}, {"model": "todo.product", "pk": 111, "fields": {"name": "Sauce - White, Mix", "quantity": 0, "price": 8.0, "discounted_price": 21.0, "category": 10}}, {"model": "todo.product", "pk": 112, "fields": {"name": "Sauce - White, Mix", "quantity": 0, "price": 8.0, "discounted_price": 21.0, "category": 10}}, {"model": "todo.product", "pk": 113, "fields": {"name": "Sauce - White, Mix", "quantity": 0, "price": 8.0, "discounted_price": 21.0, "category": 10}}, {"model": "todo.product", "pk": 114, "fields": {"name": "Sauce - White, Mix", "quantity": 0, "price": 8.0, "discounted_price": 21.0, "category": 10}}, {"model": "todo.product", "pk": 115, "fields": {"name": "Sauce - White, Mix", "quantity": 0, "price": 8.0, "discounted_price": 21.0, "category": 10}}, {"model": "todo.product", "pk": 116, "fields": {"name": "Sauce - White, Mix", "quantity": 0, "price": 8.0, "discounted_price": 21.0, "category": 10}}, {"model": "todo.product", "pk": 117, "fields": {"name": "Sauce - White, Mix", "quantity": 0, "price": 8.0, "discounted_price": 21.0, "category": 10}}, {"model": "todo.product", "pk": 118, "fields": {"name": "Sauce - White, Mix", "quantity": 0, "price": 8.0, "discounted_price": 21.0, "category": 10}}, {"model": "todo.product", "pk": 119, "fields": {"name": "Sauce - White, Mix", "quantity": 0, "price": 8.0, "discounted_price": 21.0, "category": 10}}, {"model": "todo.product", "pk": 120, "fields": {"name": "Sauce - White, Mix", "quantity": 0, "price": 8.0, "discounted_price": 21.0, "category": 10}}, {"model": "todo.product", "pk": 121, "fields": {"name": "Sauce - White, Mix", "quantity": 0, "price": 8.0, "discounted_price": 21.0, "category": 10}}, {"model": "todo.product", "pk": 122, "fields": {"name": "Sauce - White, Mix", "quantity": 0, "price": 8.0, "discounted_price": 21.0, "category": 10}}, {"model": "todo.product", "pk": 123, "fields": {"name": "Sauce - White, Mix", "quantity": 0, "price": 8.0, "discounted_price": 21.0, "category": 10}}, {"model": "todo.product", "pk": 124, "fields": {"name": "Sauce - White, Mix", "quantity": 0, "price": 8.0, "discounted_price": 21.0, "category": 10}}, {"model": "todo.product", "pk": 125, "fields": {"name": "Sauce - White, Mix", "quantity": 0, "price": 8.0, "discounted_price": 21.0, "category": 10}}, {"model": "todo.product", "pk": 126, "fields": {"name": "Sauce - White, Mix", "quantity": 0, "price": 8.0, "discounted_price": 21.0, "category": 10}}, {"model": "todo.product", "pk": 127, "fields": {"name": "Sauce - White, Mix", "quantity": 0, "price": 8.0, "discounted_price": 21.0, "category": 10}}, {"model": "todo.product", "pk": 128, "fields": {"name": "Sauce - White, Mix", "quantity": 0, "price": 8.0, "discounted_price": 21.0, "category": 10}}, {"model": "todo.product", "pk": 129, "fields": {"name": "Sauce - White, Mix", "quantity": 0, "price": 8.0, "discounted_price": 21.0, "category": 10}}, {"model": "todo.product", "pk": 130, "fields": {"name": "Sauce - White, Mix", "quantity": 0, "price": 8.0, "discounted_price": 21.0, "category": 10}}, {"model": "todo.product", "pk": 131, "fields": {"name": "Sauce - White, Mix", "quantity": 0, "price": 8.0, "discounted_price": 21.0, "category": 10}}, {"model": "todo.product", "pk": 132, "fields": {"name": "Sauce - White, Mix", "quantity": 0, "price": 8.0, "discounted_price": 21.0, "category": 10}}, {"model": "todo.product", "pk": 133, "fields": {"name": "Sauce - White, Mix", "quantity": 0, "price": 8.0, "discounted_price": 21.0, "category": 10}}, {"model": "todo.product", "pk": 134, "fields": {"name": "Sauce - White, Mix", "quantity": 0, "price": 8.0, "discounted_price": 21.0, "category": 10}}, {"model": "todo.product", "pk": 135, "fields": {"name": "Sauce - White, Mix", "quantity": 0, "price": 8.0, "discounted_price": 21.0, "category": 10}}, {"model": "todo.product", "pk": 136, "fields": {"name": "Sauce - White, Mix", "quantity": 0, "price": 8.0, "discounted_price": 21.0, "category": 10}}, {"model": "todo.product", "pk": 137, "fields": {"name": "Sauce - White, Mix", "quantity": 0, "price": 8.0, "discounted_price": 21.0, "category": 10}}, {"model": "todo.product", "pk": 138, "fields": {"name": "Sauce - White, Mix", "quantity": 0, "price": 8.0, "discounted_price": 21.0, "category": 10}}, {"model": "todo.product", "pk": 139, "fields": {"name": "Sauce - White, Mix", "quantity": 0, "price": 8.0, "discounted_price": 21.0, "category": 10}}, {"model": "todo.product", "pk": 140, "fields": {"name": "Sauce - White, Mix", "quantity": 0, "price": 8.0, "discounted_price": 21.0, "category": 10}}, {"model": "todo.product", "pk": 141, "fields": {"name": "Sauce - White, Mix", "quantity": 0, "price": 8.0, "discounted_price": 21.0, "category": 10}}, {"model": "todo.product", "pk": 142, "fields": {"name": "Sauce - White, Mix", "quantity": 0, "price": 8.0, "discounted_price": 21.0, "category": 10}}, {"model": "todo.product", "pk": 143, "fields": {"name": "Sauce - White, Mix", "quantity": 0, "price": 8.0, "discounted_price": 21.0, "category": 10}}, {"model": "todo.product", "pk": 144, "fields": {"name": "Sauce - White, Mix", "quantity": 0, "price": 8.0, "discounted_price": 21.0, "category": 10}}, {"model": "todo.product", "pk": 145, "fields": {"name": "Sauce - White, Mix", "quantity": 0, "price": 8.0, "discounted_price": 21.0, "category": 10}}, {"model": "todo.product", "pk": 146, "fields": {"name": "Sauce - White, Mix", "quantity": 0, "price": 8.0, "discounted_price": 21.0, "category": 10}}, {"model": "todo.product", "pk": 147, "fields": {"name": "Sauce - White, Mix", "quantity": 0, "price": 8.0, "discounted_price": 21.0, "category": 10}}, {"model": "todo.product", "pk": 148, "fields": {"name": "Sauce - White, Mix", "quantity": 0, "price": 8.0, "discounted_price": 21.0, "category": 10}}, {"model": "todo.product", "pk": 149, "fields": {"name": "Sauce - White, Mix", "quantity": 0, "price": 8.0, "discounted_price": 21.0, "category": 10}}, {"model": "todo.product", "pk": 150, "fields": {"name": "Sauce - White, Mix", "quantity": 0, "price": 8.0, "discounted_price": 21.0, "category": 10}}, {"model": "todo.product", "pk": 151, "fields": {"name": "Sauce - White, Mix", "quantity": 0, "price": 8.0, "discounted_price": 21.0, "category": 10}}, {"model": "todo.product", "pk": 152, "fields": {"name": "Sauce - White, Mix", "quantity": 0, "price": 8.0, "discounted_price": 21.0, "category": 10}}, {"model": "todo.product", "pk": 153, "fields": {"name": "Sauce - White, Mix", "quantity": 0, "price": 8.0, "discounted_price": 21.0, "category": 10}}, {"model": "todo.product", "pk": 154, "fields": {"name": "Sauce - White, Mix", "quantity": 0, "price": 8.0, "discounted_price": 21.0, "category": 10}}, {"model": "todo.product", "pk": 155, "fields": {"name": "Sauce - White, Mix", "quantity": 0, "price": 8.0, "discounted_price": 21.0, "category": 10}}, {"model": "todo.product", "pk": 156, "fields": {"name": "Sauce - White, Mix", "quantity": 0, "price": 8.0, "discounted_price": 21.0, "category": 10}}, {"model": "todo.product", "pk": 157, "fields": {"name": "Sauce - White, Mix", "quantity": 0, "price": 8.0, "discounted_price": 21.0, "category": 10}}, {"model": "todo.product", "pk": 158, "fields": {"name": "Sauce - White, Mix", "quantity": 0, "price": 8.0, "discounted_price": 21.0, "category": 10}}, {"model": "todo.product", "pk": 159, "fields": {"name": "Sauce - White, Mix", "quantity": 0, "price": 8.0, "discounted_price": 21.0, "category": 10}}, {"model": "todo.product", "pk": 160, "fields": {"name": "Sauce - White, Mix", "quantity": 0, "price": 8.0, "discounted_price": 21.0, "category": 10}}, {"model": "todo.product", "pk": 161, "fields": {"name": "Sauce - White, Mix", "quantity": 0, "price": 8.0, "discounted_price": 21.0, "category": 10}}, {"model": "todo.product", "pk": 162, "fields": {"name": "Sauce - White, Mix", "quantity": 0, "price": 8.0, "discounted_price": 21.0, "category": 10}}, {"model": "todo.product", "pk": 163, "fields": {"name": "Sauce - White, Mix", "quantity": 0, "price": 8.0, "discounted_price": 21.0, "category": 10}}, {"model": "todo.product", "pk": 164, "fields": {"name": "Sauce - White, Mix", "quantity": 0, "price": 8.0, "discounted_price": 21.0, "category": 10}}, {"model": "todo.product", "pk": 165, "fields": {"name": "Sauce - White, Mix", "quantity": 0, "price": 8.0, "discounted_price": 21.0, "category": 10}}, {"model": "todo.product", "pk": 166, "fields": {"name": "Sauce - White, Mix", "quantity": 0, "price": 8.0, "discounted_price": 21.0, "category": 10}}, {"model": "todo.product", "pk": 167, "fields": {"name": "Sauce - White, Mix", "quantity": 0, "price": 8.0, "discounted_price": 21.0, "category": 10}}, {"model": "todo.product", "pk": 168, "fields": {"name": "Sauce - White, Mix", "quantity": 0, "price": 8.0, "discounted_price": 21.0, "category": 10}}, {"model": "todo.product", "pk": 169, "fields": {"name": "Sauce - White, Mix", "quantity": 0, "price": 8.0, "discounted_price": 21.0, "category": 10}}, {"model": "todo.product", "pk": 170, "fields": {"name": "Sauce - White, Mix", "quantity": 0, "price": 8.0, "discounted_price": 21.0, "category": 10}}, {"model": "todo.product", "pk": 171, "fields": {"name": "Sauce - White, Mix", "quantity": 0, "price": 8.0, "discounted_price": 21.0, "category": 10}}, {"model": "todo.product", "pk": 172, "fields": {"name": "Sauce - White, Mix", "quantity": 0, "price": 8.0, "discounted_price": 21.0, "category": 10}}, {"model": "todo.product", "pk": 173, "fields": {"name": "Sauce - White, Mix", "quantity": 0, "price": 8.0, "discounted_price": 21.0, "category": 10}}, {"model": "todo.product", "pk": 174, "fields": {"name": "Sauce - White, Mix", "quantity": 0, "price": 8.0, "discounted_price": 21.0, "category": 10}}, {"model": "todo.product", "pk": 175, "fields": {"name": "Sauce - White, Mix", "quantity": 0, "price": 8.0, "discounted_price": 21.0, "category": 10}}, {"model": "todo.product", "pk": 176, "fields": {"name": "Sauce - White, Mix", "quantity": 0, "price": 8.0, "discounted_price": 21.0, "category": 10}}, {"model": "todo.product", "pk": 177, "fields": {"name": "Sauce - White, Mix", "quantity": 0, "price": 8.0, "discounted_price": 21.0, "category": 10}}, {"model": "todo.product", "pk": 178, "fields": {"name": "Sauce - White, Mix", "quantity": 0, "price": 8.0, "discounted_price": 21.0, "category": 10}}, {"model": "todo.product", "pk": 179, "fields": {"name": "Sauce - White, Mix", "quantity": 0, "price": 8.0, "discounted_price": 21.0, "category": 10}}, {"model": "todo.product", "pk": 180, "fields": {"name": "Sauce - White, Mix", "quantity": 0, "price": 8.0, "discounted_price": 21.0, "category": 10}}, {"model": "todo.product", "pk": 181, "fields": {"name": "Sauce - White, Mix", "quantity": 0, "price": 8.0, "discounted_price": 21.0, "category": 10}}, {"model": "todo.product", "pk": 182, "fields": {"name": "Sauce - White, Mix", "quantity": 0, "price": 8.0, "discounted_price": 21.0, "category": 10}}, {"model": "todo.product", "pk": 183, "fields": {"name": "Sauce - White, Mix", "quantity": 0, "price": 8.0, "discounted_price": 21.0, "category": 10}}, {"model": "todo.product", "pk": 184, "fields": {"name": "Sauce - White, Mix", "quantity": 0, "price": 8.0, "discounted_price": 21.0, "category": 10}}, {"model": "todo.product", "pk": 185, "fields": {"name": "Sauce - White, Mix", "quantity": 0, "price": 8.0, "discounted_price": 21.0, "category": 10}}, {"model": "todo.product", "pk": 186, "fields": {"name": "Sauce - White, Mix", "quantity": 0, "price": 8.0, "discounted_price": 21.0, "category": 10}}, {"model": "todo.product", "pk": 187, "fields": {"name": "Sauce - White, Mix", "quantity": 0, "price": 8.0, "discounted_price": 21.0, "category": 10}}, {"model": "todo.product", "pk": 188, "fields": {"name": "Sauce - White, Mix", "quantity": 0, "price": 8.0, "discounted_price": 21.0, "category": 10}}, {"model": "todo.product", "pk": 189, "fields": {"name": "Sauce - White, Mix", "quantity": 0, "price": 8.0, "discounted_price": 21.0, "category": 10}}, {"model": "todo.product", "pk": 190, "fields": {"name": "Sauce - White, Mix", "quantity": 0, "price": 8.0, "discounted_price": 21.0, "category": 10}}, {"model": "todo.product", "pk": 191, "fields": {"name": "Sauce - White, Mix", "quantity": 0, "price": 8.0, "discounted_price": 21.0, "category": 10}}, {"model": "todo.product", "pk": 192, "fields": {"name": "Sauce - White, Mix", "quantity": 0, "price": 8.0, "discounted_price": 21.0, "category": 10}}, {"model": "todo.product", "pk": 193, "fields": {"name": "Sauce - White, Mix", "quantity": 0, "price": 8.0, "discounted_price": 21.0, "category": 10}}, {"model": "todo.customer", "pk": 1, "fields": {"first_name": "suyesh", "middle_name": null, "last_name": "rimal", "address": "kathmandu,Nepal", "gender": "M", "user": 1}}, {"model": "todo.customer", "pk": 2, "fields": {"first_name": "rijan", "middle_name": null, "last_name": "pakhey", "address": "tokha", "gender": "F", "user": 1}}, {"model": "todo.cart", "pk": 1, "fields": {"customer": 1}}, {"model": "todo.cart", "pk": 2, "fields": {"customer": 1}}, {"model": "todo.order", "pk": 2, "fields": {"customer": 1, "status": "CP", "payment_status": false, "shipping_address": "dasd"}}]